num_experience,reward
1,-17.000000000000007
2,4.8999999999999995
3,-15.999999999999998
4,4.600000000000001
5,4.7
6,3.600000000000003
7,4.300000000000001
8,5.1
9,4.100000000000001
10,-17.000000000000007
11,4.100000000000001
12,-24.000000000000007
13,-31.00000000000001
14,-15.999999999999998
15,5.699999999999999
16,4.5
17,-15.999999999999998
18,6.199999999999999
19,4.4
20,5.3
21,-18.000000000000007
22,-19.000000000000007
23,-15.999999999999996
24,6.3
25,5.1
26,6.3
27,-15.999999999999998
28,-15.999999999999998
29,-15.999999999999998
30,-15.999999999999996
