num_experience,reward
1,-18.000000000000007
2,4.8999999999999995
3,-15.999999999999998
4,4.600000000000001
5,4.7
6,3.700000000000003
7,4.300000000000001
8,5.1
9,-23.000000000000007
10,-17.000000000000007
11,-17.000000000000007
12,-22.00000000000001
13,6.199999999999999
14,-15.999999999999998
15,5.699999999999999
16,4.4
17,-15.999999999999998
18,6.199999999999999
19,5.4
20,5.3
21,-17.000000000000004
22,5.4
23,-15.999999999999996
24,6.3
25,-18.000000000000004
26,-15.999999999999998
27,-15.999999999999998
28,-15.999999999999998
29,-15.999999999999998
30,-15.999999999999996
