num_experience,reward
1,-10.400000000000004
2,-1.7999999999999972
3,-15.999999999999998
4,-20.6
