num_experience,reward
1,-10.400000000000004
2,-1.7999999999999972
3,-15.999999999999998
4,-20.6
5,-24.000000000000007
6,-23.599999999999998
7,-30.1
8,-9.500000000000016
9,-18.1
10,-3.899999999999997
